PRAGMA foreign_keys=OFF;
BEGIN TRANSACTION;
CREATE TABLE IF NOT EXISTS "django_migrations" ("id" integer NOT NULL PRIMARY KEY AUTOINCREMENT, "app" varchar(255) NOT NULL, "name" varchar(255) NOT NULL, "applied" datetime NOT NULL);
INSERT INTO django_migrations VALUES(1,'home','0001_initial','2024-07-05 17:42:56.049212');
INSERT INTO django_migrations VALUES(2,'contenttypes','0001_initial','2024-07-05 17:42:56.060411');
INSERT INTO django_migrations VALUES(3,'admin','0001_initial','2024-07-05 17:42:56.074332');
INSERT INTO django_migrations VALUES(4,'admin','0002_logentry_remove_auto_add','2024-07-05 17:42:56.092365');
INSERT INTO django_migrations VALUES(5,'admin','0003_logentry_add_action_flag_choices','2024-07-05 17:42:56.099914');
INSERT INTO django_migrations VALUES(6,'contenttypes','0002_remove_content_type_name','2024-07-05 17:42:56.121949');
INSERT INTO django_migrations VALUES(7,'auth','0001_initial','2024-07-05 17:42:56.146011');
INSERT INTO django_migrations VALUES(8,'auth','0002_alter_permission_name_max_length','2024-07-05 17:42:56.163886');
INSERT INTO django_migrations VALUES(9,'auth','0003_alter_user_email_max_length','2024-07-05 17:42:56.171632');
INSERT INTO django_migrations VALUES(10,'auth','0004_alter_user_username_opts','2024-07-05 17:42:56.179185');
INSERT INTO django_migrations VALUES(11,'auth','0005_alter_user_last_login_null','2024-07-05 17:42:56.188168');
INSERT INTO django_migrations VALUES(12,'auth','0006_require_contenttypes_0002','2024-07-05 17:42:56.195205');
INSERT INTO django_migrations VALUES(13,'auth','0007_alter_validators_add_error_messages','2024-07-05 17:42:56.207931');
INSERT INTO django_migrations VALUES(14,'auth','0008_alter_user_username_max_length','2024-07-05 17:42:56.220477');
INSERT INTO django_migrations VALUES(15,'auth','0009_alter_user_last_name_max_length','2024-07-05 17:42:56.230222');
INSERT INTO django_migrations VALUES(16,'auth','0010_alter_group_name_max_length','2024-07-05 17:42:56.245129');
INSERT INTO django_migrations VALUES(17,'auth','0011_update_proxy_permissions','2024-07-05 17:42:56.255967');
INSERT INTO django_migrations VALUES(18,'auth','0012_alter_user_first_name_max_length','2024-07-05 17:42:56.266342');
INSERT INTO django_migrations VALUES(19,'sessions','0001_initial','2024-07-05 17:42:56.280577');
CREATE TABLE IF NOT EXISTS "home_myuser" ("id" integer NOT NULL PRIMARY KEY AUTOINCREMENT, "password" varchar(128) NOT NULL, "last_login" datetime NULL, "kakao_id" varchar(255) NOT NULL UNIQUE, "nickname" varchar(255) NOT NULL, "created_at" datetime NOT NULL);
INSERT INTO home_myuser VALUES(1,'pbkdf2_sha256$720000$9CHIKuk3EGUNiCtN6P2hKa$gyCOuZnGQRso9eFo3AtOzanFyIAbCfNuKdnO9kXoxvw=',NULL,'3610024297','김서영','2024-07-05 17:43:09.486800');
INSERT INTO home_myuser VALUES(2,'',NULL,'3610415435','윤우성','2024-07-06 03:56:37.226888');
CREATE TABLE IF NOT EXISTS "django_admin_log" ("id" integer NOT NULL PRIMARY KEY AUTOINCREMENT, "object_id" text NULL, "object_repr" varchar(200) NOT NULL, "action_flag" smallint unsigned NOT NULL CHECK ("action_flag" >= 0), "change_message" text NOT NULL, "content_type_id" integer NULL REFERENCES "django_content_type" ("id") DEFERRABLE INITIALLY DEFERRED, "user_id" bigint NOT NULL REFERENCES "home_myuser" ("id") DEFERRABLE INITIALLY DEFERRED, "action_time" datetime NOT NULL);
CREATE TABLE IF NOT EXISTS "django_content_type" ("id" integer NOT NULL PRIMARY KEY AUTOINCREMENT, "app_label" varchar(100) NOT NULL, "model" varchar(100) NOT NULL);
INSERT INTO django_content_type VALUES(1,'admin','logentry');
INSERT INTO django_content_type VALUES(2,'auth','permission');
INSERT INTO django_content_type VALUES(3,'auth','group');
INSERT INTO django_content_type VALUES(4,'contenttypes','contenttype');
INSERT INTO django_content_type VALUES(5,'sessions','session');
INSERT INTO django_content_type VALUES(6,'home','myuser');
CREATE TABLE IF NOT EXISTS "auth_group_permissions" ("id" integer NOT NULL PRIMARY KEY AUTOINCREMENT, "group_id" integer NOT NULL REFERENCES "auth_group" ("id") DEFERRABLE INITIALLY DEFERRED, "permission_id" integer NOT NULL REFERENCES "auth_permission" ("id") DEFERRABLE INITIALLY DEFERRED);
CREATE TABLE IF NOT EXISTS "auth_permission" ("id" integer NOT NULL PRIMARY KEY AUTOINCREMENT, "content_type_id" integer NOT NULL REFERENCES "django_content_type" ("id") DEFERRABLE INITIALLY DEFERRED, "codename" varchar(100) NOT NULL, "name" varchar(255) NOT NULL);
INSERT INTO auth_permission VALUES(1,1,'add_logentry','Can add log entry');
INSERT INTO auth_permission VALUES(2,1,'change_logentry','Can change log entry');
INSERT INTO auth_permission VALUES(3,1,'delete_logentry','Can delete log entry');
INSERT INTO auth_permission VALUES(4,1,'view_logentry','Can view log entry');
INSERT INTO auth_permission VALUES(5,2,'add_permission','Can add permission');
INSERT INTO auth_permission VALUES(6,2,'change_permission','Can change permission');
INSERT INTO auth_permission VALUES(7,2,'delete_permission','Can delete permission');
INSERT INTO auth_permission VALUES(8,2,'view_permission','Can view permission');
INSERT INTO auth_permission VALUES(9,3,'add_group','Can add group');
INSERT INTO auth_permission VALUES(10,3,'change_group','Can change group');
INSERT INTO auth_permission VALUES(11,3,'delete_group','Can delete group');
INSERT INTO auth_permission VALUES(12,3,'view_group','Can view group');
INSERT INTO auth_permission VALUES(13,4,'add_contenttype','Can add content type');
INSERT INTO auth_permission VALUES(14,4,'change_contenttype','Can change content type');
INSERT INTO auth_permission VALUES(15,4,'delete_contenttype','Can delete content type');
INSERT INTO auth_permission VALUES(16,4,'view_contenttype','Can view content type');
INSERT INTO auth_permission VALUES(17,5,'add_session','Can add session');
INSERT INTO auth_permission VALUES(18,5,'change_session','Can change session');
INSERT INTO auth_permission VALUES(19,5,'delete_session','Can delete session');
INSERT INTO auth_permission VALUES(20,5,'view_session','Can view session');
INSERT INTO auth_permission VALUES(21,6,'add_myuser','Can add my user');
INSERT INTO auth_permission VALUES(22,6,'change_myuser','Can change my user');
INSERT INTO auth_permission VALUES(23,6,'delete_myuser','Can delete my user');
INSERT INTO auth_permission VALUES(24,6,'view_myuser','Can view my user');
CREATE TABLE IF NOT EXISTS "auth_group" ("id" integer NOT NULL PRIMARY KEY AUTOINCREMENT, "name" varchar(150) NOT NULL UNIQUE);
CREATE TABLE IF NOT EXISTS "django_session" ("session_key" varchar(40) NOT NULL PRIMARY KEY, "session_data" text NOT NULL, "expire_date" datetime NOT NULL);
DELETE FROM sqlite_sequence;
INSERT INTO sqlite_sequence VALUES('django_migrations',19);
INSERT INTO sqlite_sequence VALUES('django_admin_log',0);
INSERT INTO sqlite_sequence VALUES('django_content_type',6);
INSERT INTO sqlite_sequence VALUES('auth_permission',24);
INSERT INTO sqlite_sequence VALUES('auth_group',0);
INSERT INTO sqlite_sequence VALUES('home_myuser',2);
CREATE INDEX "django_admin_log_content_type_id_c4bce8eb" ON "django_admin_log" ("content_type_id");
CREATE INDEX "django_admin_log_user_id_c564eba6" ON "django_admin_log" ("user_id");
CREATE UNIQUE INDEX "django_content_type_app_label_model_76bd3d3b_uniq" ON "django_content_type" ("app_label", "model");
CREATE UNIQUE INDEX "auth_group_permissions_group_id_permission_id_0cd325b0_uniq" ON "auth_group_permissions" ("group_id", "permission_id");
CREATE INDEX "auth_group_permissions_group_id_b120cbf9" ON "auth_group_permissions" ("group_id");
CREATE INDEX "auth_group_permissions_permission_id_84c5c92e" ON "auth_group_permissions" ("permission_id");
CREATE UNIQUE INDEX "auth_permission_content_type_id_codename_01ab375a_uniq" ON "auth_permission" ("content_type_id", "codename");
CREATE INDEX "auth_permission_content_type_id_2f476e4b" ON "auth_permission" ("content_type_id");
CREATE INDEX "django_session_expire_date_a5c62663" ON "django_session" ("expire_date");
COMMIT;
